Question,Answer
Who was Richard Wyckoff?,Richard Demille Wyckoff (1873–1934) was a stock market pioneer in the early 20th century who developed a technical approach to studying the stock market.
What was Wyckoff's early career like?,"Wyckoff's career on Wall Street started early; he began as a stock runner at the age of 15. By the age of 25, he owned his brokerage firm."
What did Wyckoff learn as a broker?,"As a broker, Wyckoff was able to observe the actions of large traders. This allowed him to see how large traders, often referred to as ""big operators"", would manipulate the market for profit."
How did Wyckoff feel about retail investors?,Wyckoff saw many retail investors lose money because they didn't understand how the markets really worked. He dedicated himself to educating the public about market manipulation and how to avoid being taken advantage of.
What did Wyckoff do to educate investors?,"Wyckoff was an author, editor, and educator. He wrote several books and published The Magazine of Wall Street, which had over 200,000 subscribers at its peak. He also founded a school, later known as the Stock Market Institute, dedicated to teaching his methods."
Is the Wyckoff Method still relevant today?,"Yes, the Wyckoff method, which codified the best practices of traders like Jesse Livermore, is still relevant today because it is based on the timeless principles of supply and demand."
"What is the ""Composite Man""?","The ""Composite Man"" is a heuristic device used to understand price movements. Wyckoff advised traders to study the markets as if a single entity, the Composite Man, was behind all the price fluctuations."
"What is the benefit of understanding the ""Composite Man""?","Understanding the Composite Man can help traders identify the accumulation and distribution phases of the market cycle, which allows them to enter and exit trades profitably."
How does the Composite Man operate?,"The Composite Man carefully plans, executes, and concludes his campaigns to accumulate or distribute stock in order to manipulate prices for profit."
What is an example of the Composite Man at work?,"The Composite Man will attract public buying into a stock that he has already accumulated, making it look like there is a ""broad market"" when in reality, the price is being artificially inflated."
How can a trader identify the Composite Man's actions?,Traders can learn to interpret the motives behind the Composite Man's actions by carefully studying stock charts.
How many fundamental laws are there in the Wyckoff Method?,The Wyckoff Method rests upon three fundamental laws.
What is Wyckoff's Law of Supply and Demand?,The Law of Supply and Demand states that prices rise when demand is greater than supply and fall when supply is greater than demand.
How does a trader use the Law of Supply and Demand?,Traders use the Law of Supply and Demand by comparing price and volume bars over time to determine who is in control of the market.
What is Wyckoff's Law of Cause and Effect?,The Law of Cause and Effect states that a period of accumulation or distribution (the cause) will be followed by a corresponding price movement (the effect).
How is the Law of Cause and Effect measured?,The Law of Cause and Effect is often measured using Point and Figure charts to determine price targets.
What is Wyckoff's Law of Effort vs. Result?,The Law of Effort vs. Result states that volume should confirm price trends. High volume should accompany strong price moves.
How is the Law of Effort vs. Result used?,Traders use the Law of Effort vs. Result by looking for divergences between volume and price. A divergence can signal a weakening trend and a potential reversal.
What is the Wyckoff Market Cycle?,"The Wyckoff Market Cycle is a visual representation of the Composite Man's manipulation of a market, which consists of four phases: accumulation, markup, distribution, and markdown."
What is accumulation?,Accumulation is a sideways trading range where large operators stealthily accumulate shares at a relatively low price in preparation for a markup.
What is markup?,Markup is a sustained upward price movement driven by increasing demand from both large operators and the public who are drawn in by rising prices.
What is distribution?,"Distribution is a sideways trading range where large operators unload their shares, selling into the demand created by retail investors."
What is markdown?,"Markdown is a sustained downward price movement resulting from large operators selling their shares, often accompanied by negative news and panic selling."
What are the five Wyckoff Phases within a trading range?,The five Wyckoff phases within a trading range are: * Phase A: Stopping of the prior trend. * Phase B: Building a cause. * Phase C: Test. * Phase D: Trend within the range. * Phase E: Trend out of the range.
What happens in Phase A of an accumulation range?,"In Phase A of an accumulation range, the downtrend is halted as large operators start buying, creating preliminary support (PS) and eventually a selling climax (SC)."
What happens in Phase A of a distribution range?,Phase A in a distribution range marks the end of the uptrend as large operators begin selling. Preliminary supply (PSY) and the buying climax (BC) emerge as evidence of their selling.
What happens in Phase B?,"Phase B is where the ""cause"" for the next price move is built. In an accumulation range, large operators continue buying, absorbing supply and creating upward price swings. In a distribution range, they continue selling, creating downward swings."
How does volume behave in Phase B?,"During Phase B, volume on downswings (in accumulation) and upswings (in distribution) tends to decrease as large operators absorb shares."
What happens in Phase C?,"Phase C is the testing phase. In accumulation, this often involves a spring or shakeout, where the price drops below support to trap late sellers. In distribution, it may involve an upthrust after distribution (UTAD), trapping late buyers."
What is the purpose of the testing phase?,The testing phase allows large operators to confirm that they have absorbed enough supply (in accumulation) or distributed enough shares (in distribution) before initiating the next trend.
What happens in Phase D?,Phase D marks the beginning of a confirmed uptrend (in accumulation) or downtrend (in distribution).
What signals the start of Phase D?,Phase D starts after a successful test of supply (in accumulation) or demand (in distribution). The price makes higher highs and higher lows (in accumulation) or lower highs and lower lows (in distribution) on increasing volume and widening spreads.
What happens in Phase E?,"Phase E represents the final stage of the markup (in accumulation) or markdown (in distribution). The price moves out of the trading range, and the trend is readily apparent to everyone."
What are Wyckoff Events?,Wyckoff Events are specific price and volume actions that occur within the trading range and provide clues about the intentions of large operators.
What is Preliminary Support (PS)?,"Preliminary Support (PS) is the first significant sign of buying after a prolonged downtrend. It is often accompanied by increasing volume and widening spreads, suggesting the potential end of the downtrend."
What is the Selling Climax (SC)?,"The Selling Climax (SC) marks the point of maximum selling pressure, often characterized by panic selling from the public. It is typically a high-volume event where large operators absorb the available supply at or near a bottom."
What is the Automatic Rally (AR)?,"The Automatic Rally (AR) is a bounce in price after the selling climax, fueled by short-covering and buying from large operators who are now long the stock."
What is the Secondary Test (ST)?,The Secondary Test (ST) is a return to the area of the selling climax (in accumulation) or buying climax (in distribution). It tests the supply/demand balance at these levels and confirms the strength of the potential trend reversal.
What is a Spring?,A spring is a price move below the support level of the trading range (in accumulation) that quickly reverses back into the range. It is often a low-volume event designed to trap late sellers.
What is a Shakeout?,A shakeout is similar to a spring but may not break below the support level of the trading range. It is a sharp price decline designed to create fear and force weak hands to sell.
What is a Sign of Strength (SOS)?,"A Sign of Strength (SOS) is a price advance on increasing volume and widening spreads, indicating that demand is overcoming supply. It is a bullish signal often seen after a spring or shakeout."
What is the Last Point of Support (LPS)?,"The Last Point of Support (LPS) is the final low made before the price decisively moves out of the trading range (in accumulation). It is often a low-volume pullback, confirming that supply has been exhausted."
"What is a ""Back Up (BU)""?","A ""Back Up (BU)"" is a pullback or a new trading range that forms after a Sign of Strength (SOS). It often represents a retest of the prior resistance level, which should now act as support."
What is Preliminary Supply (PSY)?,"Preliminary Supply (PSY) is the first significant sign of selling after a prolonged uptrend. It is marked by increasing volume and widening spreads, suggesting that the uptrend may be ending."
What is the Buying Climax (BC)?,"The Buying Climax (BC) is the point of peak buying, often driven by hype and enthusiasm from retail investors. Large operators are selling into this demand, creating the high of the distribution range."
What is the Automatic Reaction (AR) in distribution?,"The Automatic Reaction (AR) in distribution is a price decline after the buying climax, fueled by profit-taking and continued selling from large operators."
What is a Sign of Weakness (SOW)?,"A Sign of Weakness (SOW) is a price decline on increasing volume and widening spreads, indicating that supply is overcoming demand. It is a bearish signal that often occurs after an upthrust or a rally within the trading range."
What is the Last Point of Supply (LPSY)?,"The Last Point of Supply (LPSY) is the final high before the price decisively moves out of the trading range (in distribution). It is a point of exhaustion of demand, often characterized by low volume and narrow spreads."
What is an Upthrust After Distribution (UTAD)?,An Upthrust After Distribution (UTAD) is a false breakout above the resistance level of the trading range (in distribution). It is designed to trap late buyers and confirm the strength of the downtrend.
How do Wyckoff Events and Phases work together?,"Wyckoff Events help traders identify and confirm the different Wyckoff Phases within a trading range. By understanding these phases and events, traders can anticipate potential trend changes and position themselves accordingly."
What are Trading Ranges (TRs)?,Trading Ranges (TRs) are periods of sideways price movement where supply and demand are in relative equilibrium.
Why are TRs important?,TRs are important because they are where large operators accumulate or distribute shares in preparation for a significant price move.
What is the key to analyzing a TR?,The key to analyzing a TR is to correctly determine whether it is an accumulation TR or a distribution TR. This will provide clues about the direction of the next significant price move.
What is a common mistake traders make when analyzing TRs?,"A common mistake traders make is assuming that all breakouts from TRs are genuine. However, false breakouts, like springs and UTADs, are designed to trap traders."
What are some characteristics of accumulation TRs?,Accumulation TRs often display: * Decreasing volume on downswings * Springs and shakeouts * Signs of strength (SOSs) with increasing volume * Last points of support (LPSs) with decreasing volume.
What are some characteristics of distribution TRs?,Distribution TRs often display: * Decreasing volume on upswings * Upthrusts after distribution (UTADs) * Signs of weakness (SOWs) with increasing volume * Last points of supply (LPSY) with decreasing volume.
How can I tell if a breakout from a TR is genuine?,A genuine breakout from a TR is typically characterized by: * A decisive move above or below resistance or support * Increasing volume and widening spreads * A successful retest of the breakout level.
What should I do if I'm unsure about the nature of a TR?,"If you are unsure about whether a TR is accumulation or distribution, it's best to wait for confirmation. Look for a decisive breakout with the characteristics mentioned above before taking a position."
What is Supply and Demand analysis in the context of the Wyckoff Method?,Supply and Demand analysis in the Wyckoff Method involves carefully studying price bars and their corresponding volume to determine whether buyers or sellers are in control of the market.
What are the basic principles of Supply and Demand?,"The basic principles are: * When demand exceeds supply, prices rise. * When supply exceeds demand, prices fall. * Equilibrium is reached when supply and demand are balanced."
How do you determine the presence of demand on a chart?,"A price bar with wide spread, closing high, and accompanied by higher-than-average volume suggests the presence of demand."
How do you determine the presence of supply on a chart?,"A high-volume price bar with wide spread, closing low, suggests the presence of supply."
Why is it important to assess Supply and Demand in Wyckoff analysis?,Assessing supply and demand is crucial for labeling and understanding the implications of Wyckoff events and phases within trading ranges. It helps traders determine when a stock is ready to be marked up or down.
What is Effort vs. Result in the Wyckoff method?,"Effort vs. Result is the analysis of price and volume relationships to anticipate potential turning points in price trends. ""Effort"" refers to volume, while ""Result"" refers to price changes."
How is Effort vs. Result used to anticipate market turns?,"By analyzing the relationship between Effort (volume) and Result (price), traders can identify divergences that signal potential turning points. For example, increasing volume with little price change may suggest a weakening trend."
What is an example of a bullish Effort vs. Result signal?,"A bullish signal occurs when volume increases on a reaction to support in an accumulation trading range, but the price doesn't decline significantly. This suggests that large buyers are absorbing supply, preparing for an upward move."
What is an example of a bearish Effort vs. Result signal?,"A bearish signal occurs when volume increases substantially on a rally in a distribution trading range, but the price advance is minimal. This suggests that large operators are supplying stock, and the rally is likely to fail."
What is Comparative Strength Analysis?,Comparative Strength Analysis is a technique used to compare the performance of a stock to a market index or to other stocks in its industry.
Why is Comparative Strength Analysis important?,"Comparative strength analysis helps traders identify stocks that are outperforming or underperforming the market, providing clues about their potential future performance."
How did Wyckoff conduct Comparative Strength Analysis?,"Wyckoff compared charts of individual stocks to charts of the market, placing them one under the other to visually analyze relative strength and weakness."
What is the Relative Strength Ratio?,The Relative Strength Ratio is a modern tool that quantifies the relative strength of a stock compared to a benchmark. It is calculated by dividing the stock's price by the benchmark's price.
How can traders use Comparative Strength Analysis to select stocks?,"Traders can use comparative strength analysis to identify stocks that are showing relative strength, especially those that are outperforming the market during corrections or consolidations. Such stocks are more likely to lead the market higher when the uptrend resumes."
What are the Nine Buying/Selling Tests?,The Nine Buying/Selling Tests are a set of specific principles that help traders determine when a trading range is ending and a new trend is about to begin. They are designed to confirm the line of least resistance in the market.
What are the three categories of the Nine Buying/Selling Tests?,The tests fall into three categories: * Supply and demand tests * Effort vs. result tests * Comparative strength tests.
What type of charts are used for the Nine Buying/Selling Tests?,Both bar charts and Point and Figure charts are used for the Nine Buying/Selling Tests.
What are examples of Buying Tests for Accumulation?,Examples of Buying Tests for Accumulation include: * Downward price swings are becoming narrower and occurring on decreasing volume (supply is drying up) * Activity bullish (more and stronger rallies) * Reactions are smaller than rallies (demand is greater than supply) * The stock is showing relative strength compared to the market.
What are examples of Selling Tests for Distribution?,Examples of Selling Tests for Distribution include: * Upward price swings are becoming narrower and occurring on decreasing volume (demand is drying up) * Activity bearish (more and stronger reactions) * Rallies are smaller than reactions (supply is greater than demand) * The stock is showing relative weakness compared to the market.
What should traders do after observing the Nine Buying/Selling Tests?,"Traders should use the Nine Buying/Selling Tests in conjunction with other Wyckoff principles and their own analysis to make trading decisions. When multiple tests confirm a potential trend change, the probability of a successful trade increases."
What is the Wyckoff Point and Figure (P&F) Count Guide?,"The Wyckoff Point and Figure (P&F) Count Guide is a method for determining price targets using P&F charts. It is based on the Law of Cause and Effect, where the horizontal point count within a trading range represents the ""cause"", and the subsequent price movement represents the ""effect""."
What is the purpose of the P&F Count Guide?,The P&F Count Guide helps traders project price targets for both long and short trades based on the extent of accumulation or distribution that occurred within a trading range.
What is the first step in using the P&F Count Guide?,"First, identify a trading range on both a bar chart and a P&F chart of the same stock and time frame."
How do you determine the appropriate box size for the P&F chart?,"Choose a box size that reflects the price volatility of the stock. For low-priced stocks, a smaller box size might be used, while high-priced stocks require larger box sizes."
How do you begin the count for a potential long trade?,"After identifying a Sign of Strength (SOS) on the right side of the trading range, locate the Last Point of Support (LPS) on both the bar chart and the P&F chart. Begin the count on the P&F chart from right to left at the price level of the LPS."
How do you divide the trading range into phases for counting?,"Use the bar chart to divide the trading range into phases based on Wyckoff events. For example, the first phase might be the count from the LPS back to the spring, while the second phase covers the count from the spring to a Secondary Test."
What are the different count lines used in the P&F Count Guide?,"The P&F Count Guide uses multiple count lines to project different price targets. A more conservative count will project a closer target, while a more aggressive count will project a further target."
How should price targets from the P&F Count Guide be interpreted?,Price targets derived from the P&F count should be seen as potential areas where the price might reverse or consolidate. It's crucial to observe price action and volume as the target is approached to confirm its validity.
Can the P&F Count Guide be used for short trades?,"Yes, the P&F Count Guide can be used for short trades. In this case, you would identify a Sign of Weakness (SOW) and the Last Point of Supply (LPSY) to begin the count."
What are the key elements of the Wyckoff Method for trading?,The key elements of the Wyckoff Method for trading are: * Determining the market's current and potential future trend * Selecting stocks that are in harmony with the market trend * Identifying the phases and events within a trading range * Using P&F charts to project price targets * Timing trade entries and exits based on Wyckoff principles.
What are the three main trading areas identified by the Wyckoff Method?,The three main trading areas are: * Phase C (around the spring or UTAD) * Phase D (during the trend within the trading range and at the breakout retest) * Phase E (looking for trend continuation or minor structures in the direction of the main trend).
What are the characteristics of trading opportunities in Phase C?,Trading opportunities in Phase C offer the best risk/reward ratio but are less precise due to the shorter duration of the trading range development.
When is it advisable to enter a trade on a shakeout or spring?,"It is generally advisable to enter a trade on a shakeout or spring when it occurs on relatively low volume, as high-volume shakeouts often lead to retests."
Why is the shakeout test a favorable entry point?,"The shakeout test is a favorable entry point because it confirms that supply has been exhausted (in accumulation) or demand has been exhausted (in distribution), increasing the probability of a successful trade."
How can traders identify entry opportunities in Phase D?,"In Phase D, traders can look for entries during the trend within the trading range, using significant bars like SOS bars and SOW bars, or by identifying minor structures that align with the main trend."
Why is the breakout retest a favored entry point for Wyckoff traders?,"The breakout retest is a favored entry point because it offers a high probability entry with reduced risk, as all prior price action confirms the trend direction."
What should traders focus on when seeking trading opportunities in Phase E?,"In Phase E, traders should focus on finding trend continuation entries or identifying minor structures that align with the main trend. This may involve scaling into positions or using trailing stops to manage risk."
What are some important concepts for decision-making in Wyckoff trading?,Some important concepts include: * Identifying significant bars * Understanding the concept of reversal of movement * Managing risk effectively with stop-loss orders * Determining position size * Selecting appropriate entry and exit orders.
What is a significant bar?,"A significant bar is a price bar that indicates a potential change in market direction due to the actions of large operators. It often shows a strong close, wide spread, and above-average volume."
What is the concept of reversal of movement?,"The concept of reversal of movement focuses on identifying the last significant bar in the current trend. If the price action starts to contradict the direction of that bar, it could signal a potential reversal."
Why is it important to manage risk in Wyckoff trading?,Managing risk is crucial because even the best Wyckoff analysis cannot predict market movements with 100% certainty. Stop-loss orders help protect capital and limit losses in case the market moves against your position.
How does the Wyckoff Method help traders make informed decisions?,"The Wyckoff Method helps traders make informed decisions by providing a structured approach to market analysis that focuses on identifying the actions of large operators. By understanding the principles of supply and demand, effort vs. result, and comparative strength, traders can develop a framework for making objective trading decisions based on evidence and logic."
Who was Richard Wyckoff?,"Richard Wyckoff (1873-1934) was an early 20th-century pioneer in the technical approach to studying the stock market. He is considered one of the five “titans” of technical analysis, along with Dow, Gann, Elliott, and Merrill."
What did Wyckoff do for a living?,"He worked as a stockbroker, owned his own brokerage firm, founded and edited The Magazine of Wall Street, and later founded a school to teach his stock market techniques."
What is the central idea of Wyckoff's work?,"Wyckoff believed that by carefully studying price and volume action, one could determine the future intentions of the market, especially those of the large operators who dominated it."
"What is the ""Composite Man"" in Wyckoff's philosophy?","The ""Composite Man"" is a theoretical entity representing the combined actions of large operators or ""smart money"" in the market. Wyckoff advised traders to study and anticipate the Composite Man's actions to gain an advantage."
How does the Composite Man operate in the market?,"The Composite Man plans, executes, and concludes campaigns in the market, often manipulating stock prices to their advantage. They may attract the public into buying or selling a stock at the wrong time."
What is the Wyckoff Price Cycle?,"The Wyckoff Price Cycle describes the various phases of the market, including accumulation, markup (uptrend), distribution, and markdown (downtrend). It emphasizes the importance of identifying these phases to make informed trading decisions."
What are the Three Wyckoff Laws?,"The Three Wyckoff Laws are: The Law of Supply and Demand, which states that prices rise when demand exceeds supply and fall when supply exceeds demand. The Law of Cause and Effect, which suggests that significant price movements (effects) are preceded by periods of accumulation or distribution (causes). The Law of Effort vs. Result, which analyzes the relationship between volume (effort) and price movement (result) to identify potential turning points."
How do the Wyckoff Laws apply to trading?,The laws help traders: Determine the current and potential future trend of the market and individual stocks Select the best stocks for long or short positions Identify points where a stock is ready to break out from a trading range Project price targets based on price action within a trading range
What is a Trading Range (TR) in Wyckoff's method?,A Trading Range is a period of sideways price movement where supply and demand are in relative equilibrium. Wyckoff believed that these ranges were where large operators accumulated or distributed stock in preparation for their next move.
How can I analyze a Trading Range using Wyckoff's principles?,"Wyckoff provided specific guidelines for identifying phases and events within a TR, which help in understanding the behavior of large operators and potential future price direction. These include phases like Accumulation, Markup, Distribution, and Markdown, and events such as Preliminary Support (PS), Selling Climax (SC), Automatic Rally (AR), and Secondary Test (ST)."
What are Wyckoff Schematics?,Wyckoff Schematics are visual representations of common price and volume patterns that occur during accumulation and distribution phases. They help traders visualize and understand the typical behavior of the Composite Man.
Can you explain the Accumulation Schematic?,"The Accumulation Schematic illustrates how the Composite Man accumulates stock within a trading range, preparing for a markup phase. It shows key events like the Selling Climax (SC), Automatic Rally (AR), Spring, and Test."
What are the phases within an Accumulation Trading Range?,"There are five phases: Stopping the previous trend, marked by the Selling Climax (SC) and Automatic Rally (AR). Phase B: Building the cause for a new uptrend, with large operators accumulating stock at lower prices. Phase C: Testing the remaining supply to confirm the stock's readiness for markup, often characterized by a Spring or Shakeout. Phase D: Uptrend within the trading range, with demand overpowering supply, indicated by Signs of Strength (SOSs) and Last Points of Support (LPSs). Phase E: Breakout from the trading range and continuation of the uptrend, with demand in full control."
What is a Spring in Wyckoff's method?,A Spring is a price move below the support level of a trading range that quickly reverses and moves back up into the range. It's a bear trap as it signals a false resumption of the downtrend.
Can you explain the Distribution Schematic?,"The Distribution Schematic illustrates how large operators distribute stock in preparation for a markdown phase. It shows events like the Preliminary Supply (PSY), Buying Climax (BC), Automatic Reaction (AR), and Upthrust After Distribution (UTAD)."
What are the phases within a Distribution Trading Range?,"Similar to accumulation, there are five phases in distribution: Stopping the previous uptrend, marked by the Preliminary Supply (PSY) and Buying Climax (BC). Phase B: Building the cause for a new downtrend, with large operators distributing stock at higher prices. Phase C: Testing the remaining demand, often characterized by an Upthrust After Distribution (UTAD). Phase D: Downtrend within the range, with supply overpowering demand, indicated by Signs of Weakness (SOWs) and Last Points of Supply (LPSYs). Phase E: Breakout from the trading range and continuation of the downtrend."
What is an Upthrust After Distribution (UTAD)?,A UTAD is a price move above the resistance level of a trading range that quickly reverses and moves back down into the range. It's a bull trap as it signals a false breakout of the uptrend.
How can I use Supply and Demand Analysis in Wyckoff's method?,"By carefully analyzing price and volume bars, traders can assess the balance between supply and demand. High volume on upward price movements with wide spreads suggests strong demand, while high volume on downward moves with wide spreads indicates strong supply."
What are some examples of supply and demand analysis in practice?,A price bar with wide spread closing near its high and accompanied by high volume suggests strong demand. A high-volume price bar with wide spread closing near its low suggests strong supply. High volume on a rally with minimal price advance in a distribution trading range indicates the presence of significant supply. High volume in a reaction to support with minimal price decline in an accumulation trading range indicates absorption of supply.
How does the Law of Effort vs. Result help in anticipating turning points?,"By comparing volume (Effort) to price movement (Result), traders can identify divergences that suggest a weakening trend. For example, high volume with minimal price movement can signal a potential reversal."
What is Comparative Strength Analysis in Wyckoff's method?,Comparative Strength Analysis involves comparing the performance of a stock to the overall market or to other stocks in its industry. Wyckoff looked for stocks that were outperforming the market as potential long candidates.
How can I perform Comparative Strength Analysis?,"Traditionally, traders compared charts by placing one chart under another to visually assess relative strength. Modern traders can use the Relative Strength Ratio (RSR) to quantify and compare relative price performance."
What are the Nine Buying and Selling Tests in Wyckoff's method?,The Nine Buying and Selling Tests are specific principles for analyzing price and volume behavior to confirm a potential trade entry. These tests focus on identifying the end of a trading range and the beginning of a new trend.
Can you list the Wyckoff Buying Tests?,The nine Buying Tests are: Downside price objective accomplished - P&F chart Preliminary support - Bar chart Selling climax - Bar chart Automatic rally - Bar chart Secondary test - Bar chart Higher lows - Bar or P&F chart Higher highs - Bar or P&F chart Stock stronger than the market - Bar or P&F chart Base forming (lateral movement) - P&F chart
Can you list the Wyckoff Selling Tests?,The nine Selling Tests are: Upside price objective accomplished - P&F chart Preliminary supply - Bar chart Buying climax - Bar chart Automatic reaction - Bar chart Secondary test - Bar chart Lower highs - Bar or P&F chart Lower lows - Bar or P&F chart Stock weaker than the market - Bar or P&F chart Crown forming (lateral movement) - P&F chart  Richard Wyckoff's Market Philosophy: 100 Q&As for Your Chatbot (continued)
What is the Wyckoff Point and Figure (P&F) Count Guide?,"The Wyckoff P&F Count Guide is a method for identifying price targets for both long and short trades using Point and Figure charts. This technique utilizes Wyckoff's Law of Cause and Effect. The horizontal P&F count within a trading range is considered the ""cause,"" and the subsequent price movement out of the trading range represents the ""effect""."
How is the P&F count calculated?,"To perform a P&F count, you need both a bar chart and a P&F chart covering the same trading range and time frame. The process involves selecting an appropriate box size for the P&F chart, identifying the Last Point of Support (LPS) on both charts, and then counting from right to left at the price level of the LPS. The count should be divided into phases corresponding to Wyckoff events within the trading range."
"What are ""stepping stone confirming counts"" in P&F analysis?","As a trend progresses, price often consolidates or forms a new trading range at a higher (or lower in a downtrend) level. This consolidation can produce a ""stepping stone confirming count"" of the original P&F count. Observing the price action as the potential count confirms the original count can provide timing indications for entries and exits."
How should I use price targets derived from P&F counts?,"Price targets from P&F counts should be treated as areas where a trend could change, not as precise points of reversal. It's important to combine these targets with bar chart analysis of price action and volume for confirmation."
What is a Preliminary Support (PS)?,"Preliminary Support is the first attempt to stop a downward trend in a potential accumulation range. It signals that the downtrend might be coming to an end, and buying pressure is starting to emerge."
What is a Selling Climax (SC)?,"The Selling Climax is a point of heightened selling pressure that often occurs after a prolonged downtrend. It is marked by wide price spreads and heavy volume, indicating the transfer of shares from the public to large professional interests."
What is an Automatic Rally (AR)?,"An Automatic Rally is a sharp upward price movement that follows a Selling Climax. It occurs because selling pressure has significantly decreased, and buying easily pushes prices higher. Short covering by traders who had bet on further declines can also contribute to the rally."
What is a Secondary Test (ST)?,"A Secondary Test is a price revisit to the area of the Selling Climax (or Buying Climax in a distribution range). It serves to test the supply/demand balance at these levels. In an accumulation range, a successful ST will show diminishing volume and narrowing price spread as the market approaches the support area of the SC."
What is the significance of Secondary Tests in Phase B?,"While the ""official"" Secondary Test occurs in Phase A, similar tests can happen throughout the trading range, particularly in Phase B. These tests, sometimes labeled as ""Secondary Tests in Phase B"" or simply ""ST in B,"" help evaluate the strength and weakness of buyers and sellers."
What is an Upthrust Action (UA) in an accumulation range?,"An Upthrust Action is a price movement that breaks above the resistance level of the trading range but quickly reverses back into the range. It is considered a bullish sign, indicating the presence of aggressive buyers absorbing supply."
What is an Upthrust (UT) in a distribution range?,"Similar to an Upthrust Action in accumulation, an Upthrust in a distribution range is a price move above the resistance level that quickly reverses back into the range. It suggests a bull trap, where weak breakout buyers are drawn in before the price falls back down."
What is a Secondary Test as a Sign of Weakness (ST as SOW)?,"This event occurs in an accumulation range when the price tests the lower end of the trading range. It is a test of the buyers' commitment and, if successful, shows a lack of selling pressure, increasing confidence in a potential uptrend."
What is a Minor Sign of Weakness (mSOW)?,"A Minor Sign of Weakness appears in a distribution range as a test of the lower end of the trading range. It demonstrates selling pressure and a lack of buying interest, reinforcing the potential for a downtrend."
"What is a ""Generic Test"" in the Wyckoff method?","A Generic Test is any price movement designed to test the commitment of traders in a particular direction. It is a broader concept than a Secondary Test and can occur in various market contexts. A valid test will typically show decreasing volume and narrowing price ranges, indicating a lack of interest in pushing the price in that direction."
"What is a ""Test After Breakout""?",A Test After Breakout occurs in Phase D when the price breaks out of the trading range and then retraces to test the broken level. This test helps determine if the breakout is genuine or a false move.
"What is a ""Trend Test""?","A Trend Test takes place in Phase E, when the price is trending out of the trading range. It is a temporary pause or pullback in the trend that allows traders to assess the strength of the move."
What is the significance of volume in Wyckoff's tests?,"Volume plays a crucial role in validating Wyckoff's tests. Generally, a successful test will show decreasing volume compared to the previous price swings, indicating a lack of interest in countering the emerging trend."
What is the difference between a Secondary Test and a Generic Test?,"A Secondary Test is a specific event in the Wyckoff methodology, occurring in Phase A and potentially Phase B, with specific implications for the overall trading range structure. A Generic Test is a more general concept encompassing any price movement designed to test the commitment of traders. Both involve evaluating volume and price action to confirm who has control of the market."
"What is Shaking the Market, or a Shakeout?","Shaking the Market, also known as a Shakeout, is a key event in the Wyckoff method where the price moves aggressively against the expected trend, creating a false signal to trap weak traders. This maneuver allows large operators to accumulate more shares at lower prices or distribute shares at higher prices before the price moves in their desired direction."
What are the key characteristics of a Spring?,"A Spring is a specific type of Shakeout that occurs in an accumulation range. It involves a price drop below the support level of the trading range, often accompanied by an increase in volume, that quickly reverses and moves back into the range. It is a bear trap designed to shake out weak longs and create a more favorable buying opportunity for large operators.  Richard Wyckoff's Market Philosophy: 100 Q&As for Your Chatbot (continued)"
What are the different types of Springs?,"The sources describe three main types of Springs, distinguished by the volume and price action at the point of the breakdown below support: Spring #1 or Terminal Shakeout: Characterized by a strong surge in volume and wide price spreads, leading to a deep penetration below the support line. This type of Spring indicates significant selling pressure but is ultimately absorbed by large operators. Spring #2: Shows a moderate penetration below support with an increase in both volume and price range. This suggests a floating supply that needs to be absorbed before the price can move higher. Spring #3: Marked by a slight penetration below support with low volume and narrow price ranges, indicating exhaustion of supply and a strong likelihood of an upward move. In addition to these, a variation exists where the Spring occurs within the trading range, demonstrating even greater strength, as professionals have prevented the price from falling below the established support."
What is an Ordinary Shakeout?,"An Ordinary Shakeout is a rapid downward movement that occurs during an uptrend (reaccumulation phase) without extensive prior preparation. It is characterized by wide price ranges and an increase in volume, but the volume level can vary. Unlike a Spring, which occurs specifically within an accumulation range, an Ordinary Shakeout happens during an ongoing uptrend."
Why is testing a Spring important?,"With the exception of Spring #3, which often shows clear signs of supply exhaustion, the other types of Springs require testing to confirm the validity of the bullish signal. A successful test is marked by a narrowing of price ranges, decreased volume, and a higher low compared to the Spring. This indicates absorption of the remaining supply and increases confidence in a potential uptrend. A poor-quality test with wider spreads and higher volume suggests the need for further testing in the future."
What is an Upthrust After Distribution (UTAD)?,"An Upthrust After Distribution (UTAD) is the bullish counterpart to a Spring, occurring in a distribution or redistribution trading range. It involves a price surge above the resistance level, often with moderate to strong volume, that quickly reverses and closes back within the range. This maneuver serves to test the commitment of buyers and trap those attempting to buy breakouts, allowing large operators to distribute more shares at elevated prices."
What is a Minor UTAD?,"A Minor UTAD is a bullish shakeout that occurs within a distribution range, similar to a UTAD but failing to reach the upper limits of the range. It demonstrates the control exerted by sellers, who aggressively push the price down from those local highs. While the Wyckoff methodology might label this as a Last Point of Supply, understanding its function as a shakeout is crucial."
Should a UTAD always be tested?,"While a test after a UTAD is generally desirable, it may not always occur due to the strong selling pressure present. However, a successful test with reduced volume and narrowing price ranges below the UTAD high confirms the bearish scenario and offers a good short-selling opportunity. A test that fails to break below the UTAD level or shows increasing volume casts doubt on the bearish signal, and waiting for further confirmation is advisable."
What are Terminal Upthrust and Ordinary Upthrust?,"Terminal Upthrust: Similar to a Terminal Shakeout in an accumulation range, a Terminal Upthrust is an extreme form of UTAD characterized by exceptionally high volume or unusually large penetration above resistance. It signifies a powerful rejection of higher prices and a high probability of a downtrend. Ordinary Upthrust: Analogous to an Ordinary Shakeout, an Ordinary Upthrust is a shakeout with limited preparation during an ongoing downtrend. It presents a good opportunity to enter short positions in line with the prevailing distribution."
What happens after a successful Shakeout or UTAD?,"Following a successful Shakeout (in an accumulation range) or UTAD (in a distribution range), and its confirmation with a test, the price is expected to move decisively in the direction of least resistance. This is because large operators have absorbed sufficient supply or distributed enough shares and tested the market for remaining opposition, paving the way for a sustained trend."
What is a Breakout in the Wyckoff method?,"A Breakout occurs when the price moves decisively out of the trading range, signaling the beginning of a new trend. It demonstrates a shift in the balance of supply and demand, confirming the control exerted by either buyers or sellers. However, the breakout itself is not a trading opportunity. It merely alerts traders to a potential opportunity in the subsequent confirmation test."
What are the key elements of a genuine Breakout?,"A genuine Breakout is characterized by the following: Failure to re-enter the trading range: The price should sustain its move outside the range, demonstrating a lack of interest in returning to previous levels. Expansion of price spreads and volume: The breakout should be accompanied by wider price ranges and increased volume, signifying strong conviction behind the move. Break of control zones: The price should break through previous highs and lows or minor support/resistance levels (Creeks), further confirming the strength of the breakout. Lack of interest after the breakout: Subsequent price action should show narrow ranges, low volume, and intertwined candles (No Demand/No Supply), indicating a lack of opposition to the new trend. Significant distance: The breakout should cover a notable distance from the trading range, lending more credence to its validity."
What is a Sign of Strength (SOS)?,"A Sign of Strength (SOS) is a bullish price movement that typically occurs after a Spring or Shakeout in an accumulation range. It is characterized by widening price spreads, increasing volume, and a decisive break above resistance levels."
What is a Sign of Strength Bar (SOS Bar)?,"An SOS Bar is a specific type of bullish bar that signifies strong demand and institutional buying. It has a wide range, closes near its highs, and is accompanied by increasing volume. It can also appear as a bullish gap. An SOS Bar provides a good entry trigger for long positions, especially within a confirmed bullish context."
What is a Sign of Weakness (SOW)?,"A Sign of Weakness (SOW) is the bearish counterpart to an SOS, occurring in a distribution range. It typically appears after a UTAD and shows widening price spreads, increasing volume, and a decisive break below support levels."
What is a Sign of Weakness Bar (SOW Bar)?,"Similar to an SOS Bar, a SOW Bar is a bearish candle with a wide range, closing near its lows, and increasing volume. It can also manifest as a bearish gap. It indicates aggressive selling by large operators and offers a good entry trigger for short positions within a confirmed bearish context."
What is a Confirmation in the Wyckoff Method?,"Confirmation is a crucial concept in Wyckoff analysis. It refers to the price action that validates a Breakout as a genuine start of a new trend. It involves a test of the broken support/resistance level, ideally with decreasing volume and narrowing price ranges, demonstrating a lack of interest in reversing the move. This confirmation event is often a good entry point, as it offers a lower risk opportunity to join the emerging trend alongside large operators. Here are the next 25 questions and answers, continuing from the previous set: Richard Wyckoff's Market Philosophy: 100 Q&As for Your Chatbot (continued)"
What are the key characteristics of a Last Point of Support (LPS)?,"The Last Point of Support (LPS), as described in the sources, is a critical event in the Wyckoff method that typically precedes a Sign of Strength (SOS). It represents a final attempt by sellers to push the price lower before buyers step in aggressively, initiating a new upward momentum. Here's a breakdown of its characteristics: Context: LPS usually occurs within an accumulation range, signifying a shift in control from sellers to buyers. Price Action: It's a bullish reversal point where the price forms a higher low, indicating that demand is overcoming supply. Volume: Volume may increase during the LPS, showing strong buying interest. However, it's not always necessary to have a volume surge; the crucial factor is the price action itself. Understanding the LPS helps identify potential buying opportunities, as it signals a high probability of a continued upward move."
What are the different types of LPS?,"The sources categorize LPS into three main types based on the preceding price action: LPS after Shakeout: This type occurs after a Spring or Shakeout, essentially acting as a test of the shakeout's low. It confirms the absorption of supply and strengthens the bullish signal. LPS within the range: When the price makes a higher low within the trading range, typically after an SOS, it's classified as an LPS within the range. It shows a pause in the upward movement before the next leg up. LPS out of range: This type occurs after a breakout above the trading range. It can be either the Back Up to the Edge of the Creek (BUEC), which tests the breakout, or any subsequent pullback during the uptrend phase out of the range. Identifying the type of LPS provides additional context and helps confirm the strength of the bullish move."
What is a Last Point of Supply (LPSY)?,"The Last Point of Supply (LPSY) is the bearish equivalent of an LPS, typically preceding a Sign of Weakness (SOW) in a distribution range. It represents a final attempt by buyers to push prices higher before sellers regain control, initiating a new downward move. Key characteristics include: Context: LPSY generally occurs within a distribution range, suggesting a shift in control from buyers to sellers. Price Action: It forms a lower high, indicating supply is overcoming demand. Volume: Volume might increase, signifying strong selling interest, but the focus should be on the lower high formation. Recognizing LPSYs helps identify potential selling opportunities, signaling a high probability of continued downward movement."
What are the different types of LPSY?,"Similar to LPS, LPSY is categorized into three types based on the preceding price action: LPSY after an Upthrust: This type occurs after a UTAD, effectively testing the UTAD's high and confirming the rejection of higher prices. LPSY within the range: When the price makes a lower high within the trading range, typically after a SOW, it's classified as an LPSY within the range, indicating a pause in the downward move. LPSY out of range: This type forms after a breakdown below the trading range. It can either be the Fall Through the Ice (FTI), testing the breakdown, or any subsequent rally during the downtrend phase out of the range. Understanding the type of LPSY provides valuable context for confirming the strength of the bearish move."
What should we look for in a LPSY after a breakdown?,"After a breakdown below the support level (Ice), ideally confirmed by a SOW, traders should look for an upward movement (rally) with these characteristics to identify a potential LPSY: Narrow Price Ranges: This indicates the market's difficulty in pushing prices higher, suggesting weakening demand. Low Volume: Ideally, the volume should be low during this rally, signaling a lack of buyer interest. However, high volume could indicate aggressive short-selling, which can also be bearish. An LPSY with these characteristics presents a good opportunity to initiate or add to short positions before the next leg down."
Why is the Preliminary Supply level sometimes significant for an LPSY?,"In distributive structures, the LPSY may coincide with the price level of the Preliminary Supply (PSY). This is because the PSY often marks the initial point where large-scale distribution began. The reappearance of the price at this level suggests the sellers are still active and attempting to distribute more shares."
What are the five phases of the Wyckoff method?,"The Wyckoff method utilizes five distinct phases, labeled A through E, to structure the analysis of accumulation and distribution ranges: Stopping the Previous Trend: This phase marks the end of the prior trend and the beginning of a trading range. It involves events like the Preliminary Support/Supply, Selling/Buying Climax, Automatic Rally/Reaction, and Secondary Test. Phase B: Building the Cause: This phase involves the accumulation (or distribution) of shares by large operators, establishing the foundation for the subsequent move. It's characterized by multiple Secondary Tests and potential shakeouts within the range. Phase C: Test: This phase involves a definitive test of the remaining supply (or demand) through a Spring/Shakeout (in accumulation) or a UTAD (in distribution). This confirms whether the market is ready for a sustained move. Phase D: Trend within Range: This phase marks the beginning of a directional move within the range, with a Sign of Strength/Weakness and a Last Point of Support/Supply. It shows a clear shift in the balance of power. Phase E: Trend out of Range: This phase represents the final breakout from the trading range, confirming the start of a new trend. It involves a series of SOSs and LPSs (in an uptrend) or SOWs and LPSYs (in a downtrend)."
Why is Phase analysis important in the Wyckoff method?,"Phase analysis provides a structured framework for understanding the evolution of accumulation and distribution ranges. It helps traders: Identify the Market Context: By recognizing the current phase, traders can anticipate the likely price action and potential trading opportunities. Anticipate Key Events: Understanding the typical sequence of events within each phase allows traders to prepare for potential shakeouts, breakouts, and confirmations. Determine the Strength of the Move: The duration and intensity of each phase can offer insights into the strength of the accumulation or distribution, influencing the magnitude of the subsequent move."
What happens in Phase A: Stopping the Previous Trend?,"The primary objective of Phase A is to halt the preceding trend and establish a trading range. It's marked by a shift in control, as the dominant force weakens, allowing the opposing force to emerge.  Preliminary Support/Supply: This is the first sign of the trend weakening, with the price finding temporary support or resistance. Selling/Buying Climax: This event represents the culmination of the previous trend, often with high volume and volatility. It signifies a potential exhaustion of the dominant force. Automatic Rally/Reaction: This counter-trend move occurs after the climax, showing the initial strength of the opposing force. Secondary Test: This event retests the area of the climax, confirming the shift in control and the establishment of a trading range. Identifying these events is crucial for understanding the transition from a trending market to a range-bound market."
What is the significance of the Reaction in Phase A?,"The Reaction (Automatic Rally/Reaction), is particularly significant in Phase A as it confirms a potential shift in market sentiment. After a prolonged trend, the reaction marks the first notable counter-trend move, suggesting a growing interest from the opposing force. This event is often accompanied by a Change of Character (ChoCh), signaling the transition from a trend to a range."
What is the purpose of Phase B: Building the Cause?,"Phase B is crucial for establishing the foundation for the subsequent trend move. It's during this phase that large operators accumulate (or distribute) shares, creating the ""cause"" that will lead to the ""effect"" of the next trend. This process involves: Absorption/Distribution of Shares: Large operators systematically buy (or sell) shares, taking advantage of the range-bound price action to acquire inventory at favorable prices. Testing for Supply/Demand: Multiple Secondary Tests at both the upper and lower boundaries of the range help gauge the remaining supply or demand and confirm the control exerted by the dominant force. Shaking Out Weak Holders: Shakeouts within the range, like Springs or UTADs, further remove weak holders and allow large operators to accumulate more shares at lower prices (in accumulation) or distribute more at higher prices (in distribution). The duration and intensity of Phase B often provide clues about the potential strength of the upcoming trend."
What is the ideal duration of Phase B?,"Generally, in a well-formed Wyckoff structure, Phase B should be longer than both Phase A and Phase C. This suggests a deliberate and thorough accumulation or distribution process, allowing large operators to build a substantial position without significantly affecting the price. However, a shorter Phase B can also indicate urgency on the part of the dominant force, potentially leading to a more powerful trend move."
What happens in Phase C: Test?,"Phase C involves a decisive test of the remaining supply (in accumulation) or demand (in distribution). It aims to confirm whether the market is truly ready for a sustained move. Key Events in Phase C: Spring/Shakeout (Accumulation): This is a bearish move that breaks below support, trapping late sellers and allowing large operators to buy more shares at lower prices. UTAD (Distribution): This is a bullish move that breaks above resistance, trapping late buyers and allowing large operators to distribute more shares at higher prices. The success of these shakeouts is crucial for confirming the control exerted by the dominant force and signaling the potential start of a new trend."
What is a minor Spring/Upthrust in Phase C?,"While the classic Spring/UTAD involves breaking beyond the established trading range, a minor Spring/Upthrust occurs within the range, without violating the upper or lower boundaries. It still acts as a shakeout, testing for remaining supply or demand at those local highs or lows. Identifying these events within the context of the overall structure is crucial for understanding the ongoing accumulation or distribution process."
What is the purpose of Phase D: Trend Within Range?,"Phase D signifies a clear shift in the balance of power, as the price begins to move directionally within the trading range. This movement indicates that the dominant force is now in control and preparing for a breakout. Key Events in Phase D: Sign of Strength/Weakness: A decisive move towards the upper (SOS) or lower (SOW) boundary of the range, often with increasing volume and widening price spreads. Last Point of Support/Supply: The final pullback before the breakout, confirming the strength of the emerging trend. Identifying these events helps traders prepare for the potential breakout and confirm the direction of the upcoming trend."
What are the potential scenarios at the Creek/Ice level in Phase D?,"As the price approaches the Creek (in accumulation) or Ice (in distribution) levels, representing the last significant resistance/support within the range, three potential scenarios can unfold: Pullback and Retest: The price might pull back, forming an LPS/LPSY within the range, before making another attempt to break through the Creek/Ice, suggesting a need for more consolidation. Aggressive Breakout: Large operators might aggressively push the price through the Creek/Ice, absorbing or distributing remaining shares at a less favorable price, indicating strong conviction. Failed Breakout and Shakeout: The breakout attempt might fail, leading to a new shakeout (Spring/UTAD) in the opposite direction, potentially invalidating the previous analysis."
How do you identify a valid Spring pattern in Wyckoff methodology?,"A valid Spring pattern shows three key characteristics: 1) A price move below the trading range support level, 2) A quick price reversal back into the trading range, and 3) The move should occur on relatively lower volume than the previous selling climax. This represents absorption of supply and indicates potential accumulation completion."
What are the three types of Springs in Wyckoff methodology?,"Spring #1 (Terminal Shakeout): Shows high volume and deep penetration below support. Spring #2: Shows moderate penetration and volume. Spring #3: Shows minimal penetration and low volume, indicating supply exhaustion. Each type requires different trading approaches."
How do you determine the success of a Secondary Test in accumulation?,"A successful Secondary Test should show: 1) Lower volume than the Selling Climax, 2) Narrower price spread than the Selling Climax, 3) Price should hold at or above the Selling Climax low. This indicates diminishing supply."
What is the proper sequence of events in Wyckoff Phase A accumulation?,"The proper sequence is: 1) Preliminary Support (PS), 2) Selling Climax (SC), 3) Automatic Rally (AR), 4) Secondary Test (ST). This sequence marks the stopping of the previous downtrend and beginning of accumulation."
How do you identify a Sign of Strength (SOS) in Wyckoff methodology?,"A Sign of Strength shows: 1) Price advance with wider spread than previous bars, 2) Higher than average volume, 3) Closes near the high of the move, 4) Often occurs after a spring or successful test. This indicates institutional buying."
What are the key differences between accumulation and reaccumulation?,"Reaccumulation occurs during an existing uptrend while accumulation occurs after a downtrend. Reaccumulation typically shows shorter duration, smaller amplitude, and lacks the dramatic PS, SC, AR sequence seen in accumulation."
How do you apply the Wyckoff law of Effort vs Result in trading?,"Compare volume (effort) with price movement (result). When high volume produces little price movement at resistance, it suggests supply absorption. When high volume at support produces minimal downward price movement, it suggests demand absorption."
What are the key characteristics of a valid Last Point of Support (LPS)?,"A valid LPS shows: 1) A pullback to former resistance turned support, 2) Decreased volume compared to previous reactions, 3) Narrower price spread, 4) Often occurs after a Sign of Strength, providing an entry opportunity."
How do you identify a Change of Character (CHoCh) in price movement?,"A Change of Character is identified by: 1) A significant change in price behavior, 2) Usually accompanied by increased volume, 3) Movement contrary to the previous trend, 4) Often seen after climactic action or during phase transitions."
What are the essential characteristics of Phase C in accumulation?,"Phase C shows: 1) A decisive test of remaining supply, 2) Often includes a spring or shakeout, 3) Should show decreased volume on the test, 4) Followed by a Sign of Strength if successful."
How do you identify the end of Phase B in accumulation?,"Phase B ends when: 1) Volume on downswings diminishes significantly, 2) Price ranges become tighter, 3) Tests of support show decreasing supply, 4) The stock appears ready for Phase C testing."
What distinguishes a valid Buying Climax (BC) from normal upside momentum?,"A valid Buying Climax shows: 1) Significantly increased volume, 2) Wide price spread, 3) Often coincides with good news or strong earnings, 4) Followed by an Automatic Reaction showing supply emergence."
How do you identify a valid Last Point of Supply (LPSY)?,"A valid LPSY shows: 1) Weak rally attempt after a Sign of Weakness, 2) Narrow price spread, 3) Low volume compared to previous rallies, 4) Often provides the final shorting opportunity before markdown."
What are the key characteristics of Phase D in distribution?,"Phase D shows: 1) Clear dominance of supply over demand, 2) Weak rallies (LPSYs), 3) Price moves below trading range support or midpoint, 4) Multiple opportunities to initiate short positions."
How do you use Wyckoff's nine buying tests in accumulation?,"Apply the tests sequentially: 1) Check for downside objective completion, 2) Confirm PS-SC-AR-ST sequence, 3) Analyze volume behavior, 4) Check trend line breaks, 5) Verify higher highs and lows, 6) Compare relative strength, 7) Confirm base formation."
What distinguishes an Upthrust After Distribution (UTAD) from a normal Upthrust?,"A UTAD occurs specifically in Phase C of distribution and shows: 1) Quick penetration above resistance, 2) Immediate reversal, 3) Usually higher volume than normal upthrusts, 4) Often represents the final bull trap before markdown."
How do you identify the completion of Phase E in accumulation?,"Phase E completion shows: 1) Clear breakout from trading range, 2) Increased volume on advances, 3) Successful tests of former resistance, 4) Higher highs and higher lows established in clear uptrend."
What are the key elements to analyze in a Spring test?,"Analyze: 1) Volume comparison with the Spring, 2) Price spread reduction, 3) Location relative to Spring low, 4) Quality of rally after test. Lower volume and tighter spread indicate successful test."
How do you identify terminal weakness in Phase B of distribution?,"Look for: 1) Decreasing volume on rallies, 2) Increasing volume on reactions, 3) Lower highs forming, 4) Poor response to support tests, indicating supply dominance."
What defines a successful Back Up to the Edge of the Creek (BUEC)?,"A successful BUEC shows: 1) Pullback to broken resistance level, 2) Decreased volume, 3) Narrowing price spread, 4) Strong support at former resistance level."
How do you identify a valid Sign of Weakness (SOW)?,"A valid SOW shows: 1) Price decline on expanding spread, 2) Higher than average volume, 3) Closes near the low of the move, 4) Often breaks below trading range support."
What are the key differences between Phase B in accumulation versus distribution?,"In accumulation, Phase B shows decreasing volume on reactions and absorption of supply. In distribution, Phase B shows decreasing volume on rallies and absorption of demand. Both build cause but in opposite directions."
How do you apply Wyckoff's law of Cause and Effect in price projections?,Measure the cause (horizontal price movement in trading range) to project the effect (potential price movement). Longer trading ranges typically lead to larger subsequent moves.
What defines a successful Secondary Test as Sign of Weakness (ST as SOW)?,"A successful ST as SOW shows: 1) Break below previous support, 2) Lower volume than previous decline, 3) Quick return into trading range, 4) Often precedes further weakness."
How do you identify absorption of supply in accumulation?,"Look for: 1) High volume reactions with minimal price decline, 2) Decreasing volume on subsequent tests, 3) Narrowing price spreads on reactions, 4) Higher lows forming."
What are the key elements of a valid Automatic Rally (AR)?,"A valid AR shows: 1) Sharp price recovery after Selling Climax, 2) Good volume but less than SC, 3) Establishes trading range resistance, 4) First significant rally after downtrend."
How do you identify the difference between re-accumulation and distribution?,"Analyze: 1) Prior trend context, 2) Volume characteristics on rallies and reactions, 3) Quality of tests at support and resistance, 4) Relative strength compared to market."
What defines a successful Selling Climax (SC)?,"A successful SC shows: 1) Climactic volume increase, 2) Wide price spread, 3) Close off the lows, 4) Marks potential end of downtrend."
How do you identify valid creek resistance in accumulation?,"Creek resistance is identified by: 1) Level established by Automatic Rally, 2) Multiple tests at similar price level, 3) Volume behavior at tests, 4) Quality of reactions from level."
What are the key characteristics of Phase E in distribution?,"Phase E shows: 1) Clear break below trading range support, 2) Increased volume on declines, 3) Failed tests of former support, 4) Lower highs and lower lows establishing downtrend."
How do you identify a valid spring in re-accumulation?,"In re-accumulation, a valid spring shows: 1) Shallower penetration than primary accumulation, 2) Lower volume than main spring, 3) Quick recovery, 4) Often occurs at previous support level."
What defines successful absorption of demand in distribution?,"Look for: 1) High volume rallies with minimal price advance, 2) Decreasing volume on subsequent rallies, 3) Narrowing price spreads on advances, 4) Lower highs forming."
How do you identify a valid preliminary support (PS)?,"Valid PS shows: 1) First significant support after downtrend, 2) Increased volume, 3) Often fails leading to SC, 4) Marks beginning of potential accumulation."
What are the key differences between Phase C in accumulation versus distribution?,"Accumulation Phase C tests supply through springs, while distribution Phase C tests demand through upthrusts. Both serve to verify market readiness for trend change."
How do you identify valid ice support in distribution?,"Ice support is identified by: 1) Level established by Automatic Reaction, 2) Multiple tests at similar price level, 3) Volume behavior at tests, 4) Quality of rallies from level."
What defines a successful test after Sign of Strength (SOS)?,"A successful test shows: 1) Pullback on decreasing volume, 2) Narrower price spread than SOS, 3) Support at higher level than previous tests, 4) Strong rally following test."
How do you identify distribution after prolonged uptrend?,"Look for: 1) Climactic buying on high volume, 2) Automatic reaction showing supply, 3) Weaker rallies on tests, 4) Decreasing volume on advances."
What are the key characteristics of a valid Automatic Reaction (AR) in distribution?,"Valid AR shows: 1) Sharp decline after Buying Climax, 2) Good volume but less than BC, 3) Establishes trading range support, 4) First significant decline after uptrend."
How do you identify valid accumulation after prolonged downtrend?,"Look for: 1) Climactic selling on high volume, 2) Automatic rally showing demand, 3) Stronger tests of support, 4) Decreasing volume on declines."
What defines successful phase transitions in Wyckoff methodology?,"Successful transitions show: 1) Completion of phase objectives, 2) Clear change in price/volume behavior, 3) Confirmation through tests, 4) Preparation for next phase."
How do you identify a valid preliminary supply (PSY)?,"Valid PSY shows: 1) First significant resistance after uptrend, 2) Increased volume, 3) Often fails leading to BC, 4) Marks beginning of potential distribution."
What are the key elements of a successful markup campaign?,"Successful markup shows: 1) Higher highs and higher lows, 2) Increased volume on advances, 3) Successful tests of support, 4) Strong relative strength."
How do you identify valid Phase B support tests?,"Valid support tests show: 1) Decreasing volume on reactions, 2) Narrowing price spreads, 3) Higher lows forming, 4) Strong rallies following tests."
What defines successful resistance tests in distribution?,"Successful resistance tests show: 1) Weaker rallies each test, 2) Lower volume than previous tests, 3) Signs of supply entering market, 4) Quick reversals from resistance."
How do you identify valid shakeouts in trends?,"Valid shakeouts show: 1) Quick penetration of support, 2) Rapid recovery, 3) Often occurs on high volume, 4) Followed by trend continuation."
What are the key characteristics of successful LPS tests?,"Successful LPS tests show: 1) Support at higher levels, 2) Decreasing volume, 3) Narrow price spread, 4) Strong rally following test."
How do you identify valid LPSY tests?,"Valid LPSY tests show: 1) Resistance at lower levels, 2) Weak volume on rallies, 3) Narrow price spread, 4) Strong decline following test."
What defines successful trend tests in Phase E?,"Successful trend tests show: 1) Support/resistance at previous turning points, 2) Appropriate volume characteristics, 3) Maintenance of trend structure, 4) Strong continuation after test."
How do you identify valid re-distribution patterns?,"Valid re-distribution shows: 1) Similar structure to distribution but smaller scale, 2) Occurs during downtrend, 3) Shows supply dominance, 4) Leads to further decline."
What are the key elements of successful cause building?,"Successful cause building shows: 1) Clear trading range development, 2) Appropriate volume characteristics, 3) Tests of support/resistance, 4) Evidence of accumulation/distribution."
How do you identify valid markup tests?,"Valid markup tests show: 1) Support at previous resistance levels, 2) Decreased volume on pullbacks, 3) Maintenance of trend structure, 4) Strong continuation after test."
What defines successful markdown tests?,"Successful markdown tests show: 1) Resistance at previous support levels, 2) Weak volume on rallies, 3) Maintenance of downtrend structure, 4) Strong continuation lower after test."
How do you identify valid spring failures?,"Spring failures show: 1) Inability to return to trading range, 2) Increasing volume on decline, 3) Lack of demand response, 4) Continuation of downtrend."
What are the key characteristics of successful UTAD tests?,"Successful UTAD tests show: 1) Lower volume than UTAD, 2) Inability to reach UTAD high, 3) Signs of supply, 4) Strong decline following test."
How do you identify valid trend emergence?,"Valid trend emergence shows: 1) Clear break from trading range, 2) Appropriate volume confirmation, 3) Successful tests of breakout level, 4) Continuation of price movement."
What defines successful minor trend tests?,"Successful minor trend tests show: 1) Support/resistance at appropriate levels, 2) Volume confirmation, 3) Quick resolution, 4) Continuation of larger trend."
How do you identify valid accumulation Tests?,"Valid accumulation tests show: 1) Support holding above previous lows, 2) Decreasing volume on declines, 3) Signs of demand, 4) Strong rally following test."
What are the key elements of successful distribution tests?,"Successful distribution tests show: 1) Resistance holding below previous highs, 2) Decreasing volume on rallies, 3) Signs of supply, 4) Strong decline following test."
How do you identify valid trend termination?,"Valid trend termination shows: 1) Climactic action, 2) Change in price/volume behavior, 3) Failed trend continuation attempts, 4) Beginning of trading range development."
What defines successful relative strength analysis?,"Successful relative strength analysis shows: 1) Comparison with market indexes, 2) Higher highs/lows than market in uptrends, 3) Lower highs/lows than market in downtrends, 4) Clear strength/weakness patterns."
How do you identify valid Phase D continuation?,"Valid Phase D continuation shows: 1) Clear trend development within the trading range, 2) Increasing volume on moves in trend direction, 3) Successful tests of support/resistance, 4) Movement toward range boundaries."
What are the key elements of Wyckoff's comparative strength method?,"The comparative strength method involves: 1) Comparing stock performance to market indexes, 2) Analyzing relative wave structures, 3) Evaluating momentum differences, 4) Identifying leadership characteristics."
How do you apply Wyckoff's effort-versus-result principle in accumulation?,"Look for: 1) High volume reactions with minimal price decline, 2) Strong price advances on lower volume, 3) Failed selling attempts, 4) Evidence of supply absorption through volume analysis."
What defines a valid terminal shakeout?,"A terminal shakeout shows: 1) Deeper penetration than normal springs, 2) Extremely high volume, 3) Rapid price recovery, 4) Often marks end of accumulation."
How do you identify valid stepping stone confirmations?,"Valid stepping stones show: 1) Smaller reaccumulation patterns, 2) Successful tests of support, 3) Continuation of primary trend, 4) Appropriate volume characteristics."
What are the key characteristics of successful point and figure counts?,"Successful P&F counts show: 1) Clear cause built in trading range, 2) Horizontal count measurement, 3) Realistic price targets, 4) Confirmation through market action."
How do you identify valid creek jump (JAC)?,"Valid creek jump shows: 1) Strong price advance through resistance, 2) Increased volume, 3) Minimal pullback, 4) Continuation of upward movement."
What defines successful supply tests?,"Successful supply tests show: 1) Decreasing volume on declines, 2) Narrowing price spreads, 3) Higher levels of support, 4) Strong demand response."
How do you identify valid demand tests?,"Valid demand tests show: 1) Strong buying response, 2) Appropriate volume increase, 3) Quick price recovery, 4) Higher levels established."
What are the key elements of successful back-up action?,"Successful back-up shows: 1) Orderly pullback to support, 2) Decreasing volume, 3) Maintained trend structure, 4) Strong continuation after test."
How do you identify valid Phase E emergence?,"Valid Phase E shows: 1) Clear break from trading range, 2) Strong volume confirmation, 3) Successful tests of breakout, 4) Establishment of trend."
What defines successful absorption indicators?,"Successful absorption shows: 1) High volume with minimal price movement, 2) Decreasing supply/demand pressure, 3) Change in price behavior, 4) Preparation for trend change."
How do you identify valid throwback opportunities?,"Valid throwbacks show: 1) Pullback to broken resistance/support, 2) Decreased volume, 3) Maintained trend structure, 4) Strong continuation."
What are the key characteristics of successful volume analysis?,"Successful volume analysis shows: 1) Correlation with price movement, 2) Confirmation of trends, 3) Evidence of absorption, 4) Warning signs of reversal."
How do you identify valid breakout failures?,"Valid breakout failures show: 1) Lack of follow-through, 2) Poor volume confirmation, 3) Quick return to trading range, 4) Often leads to opposite movement."
What defines successful trend confirmation?,"Successful trend confirmation shows: 1) Strong price movement, 2) Appropriate volume, 3) Successful tests, 4) Continuation patterns."
How do you identify valid cause completion?,"Valid cause completion shows: 1) Sufficient trading range development, 2) Clear supply/demand resolution, 3) Preparation for trend, 4) Break from range."
What are the key elements of successful markup identification?,"Successful markup shows: 1) Higher highs and lows, 2) Strong volume on advances, 3) Successful tests, 4) Clear trend structure."
How do you identify valid markdown characteristics?,"Valid markdown shows: 1) Lower highs and lows, 2) Strong volume on declines, 3) Failed rallies, 4) Clear downtrend structure."
What defines successful resistance breakthrough?,"Successful resistance breakthrough shows: 1) Strong price movement, 2) Increased volume, 3) Minimal pullback, 4) Continuation pattern."
How do you identify valid support breaks?,"Valid support breaks show: 1) Decisive price movement, 2) Increased volume, 3) Failed recovery attempts, 4) Continuation lower."
What are the key characteristics of successful range analysis?,"Successful range analysis shows: 1) Clear boundaries, 2) Identifiable phases, 3) Appropriate volume patterns, 4) Clear accumulation/distribution evidence."
How do you identify valid trend resumption?,"Valid trend resumption shows: 1) Successful test of support/resistance, 2) Appropriate volume, 3) Continuation pattern, 4) Strong movement in trend direction."
What defines successful phase transitions?,"Successful phase transitions show: 1) Completion of current phase objectives, 2) Clear change in behavior, 3) Preparation for next phase, 4) Appropriate volume characteristics."
How do you identify valid climax action?,"Valid climax action shows: 1) Extreme price movement, 2) Very high volume, 3) Reversal potential, 4) Often marks trend termination."
What are the key elements of successful spring analysis?,"Successful spring analysis shows: 1) Clear support violation, 2) Quick recovery, 3) Volume confirmation, 4) Follow-through movement."
How do you identify valid upthrust characteristics?,"Valid upthrust shows: 1) False breakout above resistance, 2) Quick reversal, 3) Often high volume, 4) Failed continuation."
What defines successful testing action?,"Successful testing shows: 1) Return to support/resistance, 2) Appropriate volume reduction, 3) Clear price response, 4) Strong continuation."
How do you identify valid cause measurement?,"Valid cause measurement shows: 1) Clear trading range boundaries, 2) Sufficient time development, 3) Appropriate phase analysis, 4) Realistic projections."
What are the key characteristics of successful markup campaigns?,"Successful markup campaigns show: 1) Clear accumulation completion, 2) Strong breakout, 3) Successful tests, 4) Trend continuation."
How do you identify valid markdown campaigns?,"Valid markdown campaigns show: 1) Clear distribution completion, 2) Strong breakdown, 3) Failed rallies, 4) Trend continuation."
What defines successful relative strength comparison?,"Successful relative strength comparison shows: 1) Clear outperformance/underperformance, 2) Trend alignment, 3) Volume confirmation, 4) Consistent behavior."
How do you identify valid volume spreads?,"Valid volume spreads show: 1) Correlation with price movement, 2) Confirmation of trend, 3) Warning signs, 4) Absorption evidence."
What are the key elements of successful phase recognition?,"Successful phase recognition shows: 1) Clear phase characteristics, 2) Appropriate sequence, 3) Volume confirmation, 4) Logical progression."
How do you identify valid trend tests?,"Valid trend tests show: 1) Return to support/resistance, 2) Appropriate volume, 3) Quick resolution, 4) Strong continuation."
What defines successful range completion?,"Successful range completion shows: 1) Clear phase development, 2) Supply/demand resolution, 3) Break preparation, 4) Strong movement."
How do you identify valid watershed moments?,"Valid watershed moments show: 1) Clear change in behavior, 2) Volume confirmation, 3) Trend change potential, 4) Strong follow-through."
What are the key characteristics of successful continuation patterns?,"Successful continuation patterns show: 1) Clear trend pause, 2) Appropriate volume, 3) Maintenance of trend structure, 4) Strong continuation."
How do you identify valid reversal patterns?,"Valid reversal patterns show: 1) Clear trend exhaustion, 2) Change in behavior, 3) Volume confirmation, 4) Strong counter-trend movement."
What defines successful technical position?,"Successful technical position shows: 1) Clear trend definition, 2) Support/resistance identification, 3) Volume confirmation, 4) Risk management opportunity."
